{"Sequence 01":[{"trackX":6.66,"pan":9.15199999999999,"lowerLift":-46.073,"upperLift":0.124000000000002,"roll":0.179999999999993,"camTilt":-10.312,"camPan":22.8},{"trackX":15,"pan":9.15199999999999,"lowerLift":-39.424,"upperLift":-7.564,"roll":0.179999999999993,"camTilt":14.008,"camPan":37.2},{"trackX":7.77,"pan":0.352000000000004,"lowerLift":-39.424,"upperLift":-7.564,"roll":-26.46,"camTilt":14.008,"camPan":37.2}]}